{"cameraMode":{"drawMode":0,"name":"Shaded","section":"Shading Mode"},"sceneLighting":false,"audioPlay":false,"sceneViewState":{"showFog":true,"showMaterialUpdate":false,"showSkybox":false,"showFlares":true,"showImageEffects":true,"showParticleSystems":true},"in2DMode":false,"pivot":{"x":-1.4600000381469727,"y":0.6664000153541565,"z":2.7799999713897707},"rotation":{"x":0.21576251089572907,"y":0.01728077046573162,"z":-0.0038640336133539678,"w":0.9763299822807312},"size":1.7953362464904786,"orthographic":false}