{"cameraMode":{"drawMode":0,"name":"Shaded","section":"Shading Mode"},"sceneLighting":false,"audioPlay":false,"sceneViewState":{"showFog":true,"showMaterialUpdate":false,"showSkybox":true,"showFlares":true,"showImageEffects":true,"showParticleSystems":true},"in2DMode":false,"pivot":{"x":0.0,"y":0.675000011920929,"z":-2.6500000953674318},"rotation":{"x":-0.27276670932769778,"y":-0.01674206182360649,"z":0.004747730679810047,"w":-0.9619254469871521},"size":10.572000503540039,"orthographic":false}